"Query","Match","HMDB","PubChem","KEGG","SMILES","Comment"
"HMDB0029738","Indole-3-methyl acetate","HMDB0029738","74706",NA,"COC(=O)CC1=CNC2=C1C=CC=C2","1"
"HMDB0012091","SM(d18:0/22:0)","HMDB0012091","44260132","C00550","[H][C@@](COP([O-])(=O)OCC[N+](C)(C)C)(NC(=O)CCCCCCCCCCCCCCCCCCCCC)[C@H](O)CCCCCCCCCCCCCCC","1"
"HMDB0240651","NA","NA","NA","NA","NA","0"
"HMDB0006344","Phenylacetylglutamine","HMDB0006344","92258","C04148","NC(=O)CC[C@H](NC(=O)CC1=CC=CC=C1)C(O)=O","1"
"HMDB0061918","1,3-Dihydro-(2H)-indol-2-one","HMDB0061918","321710","C12312","O=C1CC2=CC=CC=C2N1","1"
"HMDB0010351","11-beta-Hydroxyandrosterone-3-glucuronide","HMDB0010351","1864","C05643","[H][C@@]12CCC(=O)[C@@]1(C)C[C@H](O)[C@@]1([H])[C@@]2([H])CC[C@@]2([H])C[C@@H](CC[C@]12C)O[C@@H]1O[C@@H]([C@@H](O)[C@H](O)[C@H]1O)C(O)=O","1"
"HMDB0013240","Indoleacetyl glutamine","HMDB0013240","25200879",NA,"NC(=O)CCC(NC(=O)CC1=CNC2=CC=CC=C12)C(O)=O","1"
"HMDB0012090","SM(d18:0/20:0)","HMDB0012090","44260131","C00550","CCCCCCCCCCCCCCCCCCCC(=O)N[C@@H](COP([O-])(=O)OCC[N+](C)(C)C)[C@H](O)CCCCCCCCCCCCCCC","1"
"HMDB0000555","3-Methyladipic acid","HMDB0000555","6999745",NA,"C[C@@H](CCC(O)=O)CC(O)=O","1"
"HMDB0242178","NA","NA","NA","NA","NA","0"
"HMDB0000350","3-Hydroxysebacic acid","HMDB0000350","124350389",NA,"O[C@H](CCCCCCC(O)=O)CC(O)=O","1"
"HMDB0004988","Pi-Methylimidazoleacetic acid","HMDB0004988","6451814",NA,"CN1C=NC=C1CC(O)=O","1"
"HMDB0000939","S-Adenosylhomocysteine","HMDB0000939","439155","C00021","N[C@@H](CCSC[C@H]1O[C@H]([C@H](O)[C@@H]1O)N1C=NC2=C1N=CN=C2N)C(O)=O","1"
"HMDB0010575","PG(16:0/18:2(9Z,12Z))","HMDB0010575","52927246",NA,"[H][C@](O)(CO)COP(O)(=O)OC[C@@]([H])(COC(=O)CCCCCCCCCCCCCCC)OC(=O)CCCCCCC\C=C/C\C=C/CCCCC","1"
"HMDB0341220","NA","NA","NA","NA","NA","0"
"HMDB0001348","SM(d18:1/18:0)","HMDB0001348","6453725","C00550","[H][C@@](COP([O-])(=O)OCC[N+](C)(C)C)(NC(=O)CCCCCCCCCCCCCCCCC)[C@H](O)\C=C\CCCCCCCCCCCCC","1"
"HMDB0001353","2-Keto-3-deoxy-D-gluconic acid","HMDB0001353","194024","C01216","OC[C@@H](O)[C@H](O)CC(=O)C(O)=O","1"
"HMDB0341278","NA","NA","NA","NA","NA","0"
"HMDB0011635","p-Cresol sulfate","HMDB0011635","4615423",NA,"CC1=CC=C(OS(O)(=O)=O)C=C1","1"
"HMDB0059772","N-Phenylacetylglutamic acid","HMDB0059772","11579826",NA,"OC(=O)CC[C@H](NC(=O)CC1=CC=CC=C1)C(O)=O","1"
"HMDB0000258","Sucrose","HMDB0000258","5988","C00089","OC[C@H]1O[C@@](CO)(O[C@H]2O[C@H](CO)[C@@H](O)[C@H](O)[C@H]2O)[C@@H](O)[C@@H]1O","1"
"HMDB0006061","4-Hydroxyphenylacetylglutamic acid","HMDB0006061","61152160","C05595","OC(=O)CC[C@H](NC(=O)CC1=CC=C(O)C=C1)C(O)=O","1"
"HMDB0000788","Orotidine","HMDB0000788","92751","C01103","OC[C@H]1O[C@H]([C@H](O)[C@@H]1O)N1C(=O)NC(=O)C=C1C(O)=O","1"
"HMDB0240341","NA","NA","NA","NA","NA","0"
"HMDB0003045","Ergothioneine","HMDB0003045","5351619","C05570","C[N+](C)(C)[C@@H](CC1=CNC(=S)N1)C([O-])=O","1"
"HMDB0001522","Methylguanidine","HMDB0001522","10111","C02294","CNC(N)=N","1"
"HMDB0000163","D-Maltose","HMDB0000163","10991489","C00208","OC[C@H]1O[C@H](O[C@H]2[C@H](O)[C@H](O)[C@@H](O)O[C@@H]2CO)[C@H](O)[C@@H](O)[C@@H]1O","1"
"HMDB0010163","PS(18:0/18:1(9Z))","HMDB0010163","59720717","C02737","CCCCCCCCCCCCCCCCCC(=O)OC[C@H](COP(O)(=O)OC[C@H](N)C(O)=O)OC(=O)CCCCCCC\C=C/CCCCCCCC","1"
"HMDB0010325","Ethyl glucuronide","HMDB0010325","18392195",NA,"CCO[C@@H]1O[C@@H]([C@@H](O)[C@H](O)[C@H]1O)C(O)=O","1"
"HMDB0062321","1-tetradecanoyl-sn-glycero-3-phosphate","HMDB0062321","9547180",NA,"CCCCCCCCCCCCCC(=O)OC[C@@H](O)COP(O)(O)=O","1"
"HMDB0000008","2-Hydroxybutyric acid","HMDB0000008","440864","C05984","CC[C@H](O)C(O)=O","1"
"HMDB0000965","Hypotaurine","HMDB0000965","107812","C00519","NCCS(O)=O","1"
"HMDB0000881","Xanthurenic acid","HMDB0000881","5699","C02470","OC(=O)C1=NC2=C(O)C=CC=C2C(O)=C1","1"
"HMDB0240345","NA","NA","NA","NA","NA","0"
"HMDB0032055","N-Acetylhistidine","HMDB0032055","75619","C02997","CC(=O)N[C@@H](CC1=CNC=N1)C(O)=O","1"
"HMDB0002329","Oxalic acid","HMDB0002329","971","C00209","OC(=O)C(O)=O","1"
"HMDB0242169","NA","NA","NA","NA","NA","0"
"HMDB0007883","PC(34:4)","HMDB0007883","24778634","C00157","CCCCCCCCCCCCCC(=O)OC[C@]([H])(COP([O-])(=O)OCC[N+](C)(C)C)OC(=O)CCC\C=C/C\C=C/C\C=C/C\C=C/CCCCC","1"
"HMDB0034276","L,L-Cyclo(leucylprolyl)","HMDB0034276","7074739",NA,"[H][C@@]12CCCN1C(=O)[C@H](CC(C)C)NC2=O","1"
"HMDB0000413","3-Hydroxydodecanedioic acid","HMDB0000413","16663321",NA,"OC(CCCCCCCCC(O)=O)CC(O)=O","1"
"HMDB0000005","2-Ketobutyric acid","HMDB0000005","58","C00109","CCC(=O)C(O)=O","1"
"HMDB0240619","NA","NA","NA","NA","NA","0"
"HMDB0003320","Indole-3-carboxylic acid","HMDB0003320","69867","C19837","OC(=O)C1=CNC2=CC=CC=C12","1"
"HMDB0000148","Glutamic acid","HMDB0000148","33032","C00025","N[C@@H](CCC(O)=O)C(O)=O","1"
"HMDB0003681","4-Acetamidobutanoic acid","HMDB0003681","18189","C02946","CC(=O)NCCCC(O)=O","1"
"HMDB0000679","Homocitrulline","HMDB0000679","65072","C02427","N[C@@H](CCCCNC(N)=O)C(O)=O","1"
"HMDB0000714","Hippuric acid","HMDB0000714","464","C01586","OC(=O)CNC(=O)C1=CC=CC=C1","1"
"HMDB0013816","2,4-Di-tert-butylphenol","HMDB0013816","7311",NA,"CC(C)(C)C1=CC=C(O)C(=C1)C(C)(C)C","1"
"HMDB0010407","LysoPC(P-16:0/0:0)","HMDB0010407","10917802","C04230","CCCCCCCCCCCCCC\C=C/OC[C@](O)([H])COP([O-])(=O)OCC[N+](C)(C)C","1"
"HMDB0000131","Glycerol","HMDB0000131","753","C00116","OCC(O)CO","1"
"HMDB0009784","PI(16:0/18:2(9Z,12Z))","HMDB0009784","46891796",NA,"CCCCCCCCCCCCCCCC(=O)OC[C@H](COP(O)(=O)O[C@H]1[C@H](O)[C@@H](O)[C@H](O)[C@@H](O)[C@H]1O)OC(=O)CCCCCCC\C=C/C\C=C/CCCCC","1"
"HMDB0000064","Creatine","HMDB0000064","586","C00300","CN(CC(O)=O)C(N)=N","1"
"HMDB0000536","Adenylsuccinic acid","HMDB0000536","447145","C03794","O[C@@H]1[C@@H](COP(O)(O)=O)O[C@H]([C@@H]1O)N1C=NC2=C1N=CN=C2N[C@@H](CC(O)=O)C(O)=O","1"
"HMDB0007249","DG(18:2(9Z,12Z)/18:3(6Z,9Z,12Z)/0:0)","HMDB0007249","14275409",NA,"[H][C@](CO)(COC(=O)CCCCCCC\C=C/C\C=C/CCCCC)OC(=O)CCCC\C=C/C\C=C/C\C=C/CCCCC","1"
"HMDB0341247","NA","NA","NA","NA","NA","0"
"HMDB0001204","trans-3-Hydroxycotinine glucuronide","HMDB0001204","53477725",NA,"[H][C@@]1(O[C@@H]2CC(N(C)C2=O)C2=CC=CN=C2)O[C@@H]([C@@H](O)[C@H](O)[C@H]1O)C(O)=O","1"
"HMDB0000529","5Z-Dodecenoic acid","HMDB0000529","5312378",NA,"CCCCCC\C=C/CCCC(O)=O","1"
"HMDB0094682","5alpha-Androstan-3alpha,17beta-diol disulfate","HMDB0094682","56639109",NA,"[H][C@@]12CC[C@H](OS(O)(=O)=O)[C@@]1(C)CC[C@@]1([H])[C@@]2([H])CC[C@@]2([H])C[C@@H](CC[C@]12C)OS(O)(=O)=O","1"
"HMDB0006556","L-4-Hydroxyglutamate semialdehyde","HMDB0006556","440851","C05938","N[C@@H](C[C@@H](O)C=O)C(O)=O","1"
"HMDB0001624","2-Hydroxycaproic acid","HMDB0001624","99824",NA,"CCCCC(O)C(O)=O","1"
"HMDB0001411","Cotinine N-oxide","HMDB0001411","9815514",NA,"CN1[C@@H](CCC1=O)C1=C[N+]([O-])=CC=C1","1"
"HMDB0000682","Indoxyl sulfate","HMDB0000682","10258",NA,"OS(=O)(=O)OC1=CNC2=CC=CC=C12","1"
"HMDB0003843","Gamma-Caprolactone","HMDB0003843","12756",NA,"CCC1CCC(=O)O1","1"
"HMDB0011207","PC(P-16:0/16:1(9Z))","HMDB0011207","52923882",NA,"CCCCCCCCCCCCCC\C=C/OC[C@]([H])(COP([O-])(=O)OCC[N+](C)(C)C)OC(=O)CCCCCCC\C=C/CCCCCC","1"
"HMDB0006460","Arachidyl carnitine","HMDB0006460","53477833",NA,"CCCCCCCCCCCCCCCCCCCC(=O)OC(CC([O-])=O)C[N+](C)(C)C","1"
"HMDB0061116","NA","NA","NA","NA","NA","0"
"HMDB0000001","1-Methylhistidine","HMDB0000001","92105","C01152","CN1C=NC(C[C@H](N)C(O)=O)=C1","1"
"HMDB0000695","Ketoleucine","HMDB0000695","70","C00233","CC(C)CC(=O)C(O)=O","1"
"HMDB0011686","p-Cresol glucuronide","HMDB0011686","154035",NA,"CC1=CC=C(O[C@@H]2O[C@@H]([C@@H](O)[C@H](O)[C@H]2O)C(O)=O)C=C1","1"
"HMDB0000857","Pimelic acid","HMDB0000857","385","C02656","OC(=O)CCCCCC(O)=O","1"
"HMDB0000363","17a-Hydroxypregnenolone","HMDB0000363","91451","C05138","[H][C@@]12CC[C@](O)(C(C)=O)[C@@]1(C)CC[C@@]1([H])[C@@]2([H])CC=C2C[C@@H](O)CC[C@]12C","1"
"HMDB0012105","SM(d18:1/23:0)","HMDB0012105","46891684","C00550","CCCCCCCCCCCCCCCCCCCCCCC(=O)N[C@@H](COP([O-])(=O)OCC[N+](C)(C)C)[C@H](O)\C=C\CCCCCCCCCCCCC","1"
"HMDB0012103","SM(d18:1/22:0)","HMDB0012103","44260125","C00550","CCCCCCCCCCCCCCCCCCCCCC(=O)N[C@@H](COP([O-])(=O)OCC[N+](C)(C)C)[C@H](O)\C=C\CCCCCCCCCCCCC","1"
"HMDB0000209","Phenylacetic acid","HMDB0000209","999","C07086","OC(=O)CC1=CC=CC=C1","1"
"HMDB0000913","Vanillactic acid","HMDB0000913","160637",NA,"COC1=CC(CC(O)C(O)=O)=CC=C1O","1"
"HMDB0001297","Norcotinine","HMDB0001297","413",NA,"O=C1CCC(N1)C1=CN=CC=C1","1"
"HMDB0241920","NA","NA","NA","NA","NA","0"
"HMDB0003157","Guanidinosuccinic acid","HMDB0003157","439918","C03139","NC(=N)N[C@@H](CC(O)=O)C(O)=O","1"
"HMDB0001898","Mesobilirubinogen","HMDB0001898","26818","C05790","CCC1=C(C)C(=O)NC1CC1=C(C)C(CCC(O)=O)=C(CC2=C(CCC(O)=O)C(C)=C(CC3NC(=O)C(CC)=C3C)N2)N1","1"
"HMDB0002331","Imidazoleacetic acid riboside","HMDB0002331","440569","C05131","OC[C@H]1O[C@H]([C@H](O)[C@@H]1O)N1C=NC(CC(O)=O)=C1","1"
"HMDB0240340","NA","NA","NA","NA","NA","0"
"HMDB0041623","N6-Carbamoyl-L-threonyladenosine","HMDB0041623","92021849",NA,"C[C@@H](O)[C@H](NC(N)=O)C(=O)NC1=C2N=CN([C@@H]3O[C@H](CO)[C@@H](O)[C@H]3O)C2=NC=N1","1"
"HMDB0012458","7alpha-Hydroxy-3-oxo-4-cholestenoate","HMDB0012458","3081085","C17337","[H][C@@]1(CC[C@@]2([H])[C@]3([H])[C@H](O)CC4=CC(=O)CC[C@]4(C)[C@@]3([H])CC[C@]12C)[C@H](C)CCCC(C)C(O)=O","1"
"HMDB0011621","Cinnamoylglycine","HMDB0011621","709625",NA,"OC(=O)CNC(=O)\C=C\C1=CC=CC=C1","1"
"HMDB0242112","NA","NA","NA","NA","NA","0"
"HMDB0000019","alpha-Ketoisovaleric acid","HMDB0000019","49","C00141","CC(C)C(=O)C(O)=O","1"
"HMDB0001126","Nornicotine","HMDB0001126","412","C06524","C1CNC(C1)C1=CC=CN=C1","1"
"HMDB0012252","Linoleoyl ethanolamide","HMDB0012252","5283446",NA,"CCCCC\C=C/C\C=C/CCCCCCCC(=O)NCCO","1"
"HMDB0252849","Glycerophosphoric acid","HMDB0252849","754","C03189","OCC(O)COP(O)(O)=O","1"
"HMDB0000158","L-Tyrosine","HMDB0000158","6057","C00082","N[C@@H](CC1=CC=C(O)C=C1)C(O)=O","1"
"HMDB0035227","Hydroxypropanedioic acid","HMDB0035227","45","C02287","OC(C(O)=O)C(O)=O","1"
"HMDB0240365","NA","NA","NA","NA","NA","0"
"HMDB0241922","NA","NA","NA","NA","NA","0"
"HMDB0001262","Maltotriose","HMDB0001262","439586","C01835","OC[C@H]1O[C@H](O[C@H]2[C@H](O)[C@@H](O)[C@@H](O[C@H]3[C@H](O)[C@@H](O)C(O)O[C@@H]3CO)O[C@@H]2CO)[C@H](O)[C@@H](O)[C@@H]1O","1"
"HMDB0002199","Desaminotyrosine","HMDB0002199","10394","C01744","OC(=O)CCC1=CC=C(O)C=C1","1"
"HMDB0155722","O-Sulfotyrosine","HMDB0155722","514186",NA,"N[C@@H](CC1=CC=C(OS(O)(=O)=O)C=C1)C(O)=O","1"
"HMDB0004160","Urobilin","HMDB0004160","440785","C05794","[H]C(C1=C(CCC(O)=O)C(C)=C(CC2NC(=O)C(C)=C2CC)N1)=C1N=C(CC2NC(=O)C(CC)=C2C)C(C)=C1CCC(O)=O","1"
"HMDB0000379","2-Methylcitric acid","HMDB0000379","515","C02225","CC(C(O)=O)C(O)(CC(O)=O)C(O)=O","1"
