"","Total","Expected","Hits","Raw p","-log10(p)","Holm adjust","FDR","Impact"
"Valine, leucine and isoleucine biosynthesis",8,0.12563,3,0.00018214,3.7396,0.014571,0.014571,0
"Arginine and proline metabolism",36,0.56533,4,0.0019878,2.7016,0.15704,0.079512,0.02442
"Phenylalanine metabolism",8,0.12563,2,0.0062588,2.2035,0.48819,0.1669,0
"Glycerophospholipid metabolism",36,0.56533,3,0.017359,1.7605,1,0.34717,0.15727
"Histidine metabolism",16,0.25126,2,0.024837,1.6049,1,0.39739,0
"Starch and sucrose metabolism",18,0.28266,2,0.031066,1.5077,1,0.41421,0.12329
"Propanoate metabolism",22,0.34548,2,0.045144,1.3454,1,0.51594,0.04103
"Phenylalanine, tyrosine and tryptophan biosynthesis",4,0.062814,1,0.061406,1.2118,1,0.53116,0.5
"Galactose metabolism",27,0.42399,2,0.065407,1.1844,1,0.53116,0.03888
"Alanine, aspartate and glutamate metabolism",28,0.4397,2,0.069773,1.1563,1,0.53116,0.21875
"Linoleic acid metabolism",5,0.078518,1,0.076183,1.1181,1,0.53116,0
"Nitrogen metabolism",6,0.094221,1,0.090736,1.0422,1,0.53116,0
"Glycine, serine and threonine metabolism",33,0.51822,2,0.092954,1.0317,1,0.53116,0
"Cysteine and methionine metabolism",33,0.51822,2,0.092954,1.0317,1,0.53116,0.08642
"Taurine and hypotaurine metabolism",8,0.12563,1,0.11918,0.92378,1,0.63565,0.4
"Valine, leucine and isoleucine degradation",40,0.62814,2,0.12856,0.8909,1,0.64279,0.02168
"alpha-Linolenic acid metabolism",13,0.20415,1,0.18662,0.72905,1,0.87819,0
"Arginine biosynthesis",14,0.21985,1,0.19949,0.70007,1,0.88664,0.12234
"Butanoate metabolism",15,0.23555,1,0.21218,0.6733,1,0.89337,0
"Glycerolipid metabolism",16,0.25126,1,0.22467,0.64846,1,0.89866,0.23676
"Ubiquinone and other terpenoid-quinone biosynthesis",19,0.29837,1,0.261,0.58335,1,0.99181,0
"Pantothenate and CoA biosynthesis",20,0.31407,1,0.27275,0.56424,1,0.99181,0
"One carbon pool by folate",26,0.40829,1,0.33954,0.4691,1,1,0.05101
"Glutathione metabolism",28,0.4397,1,0.36047,0.44313,1,1,0.01966
"Porphyrin metabolism",31,0.48681,1,0.39067,0.40819,1,1,0
"Sphingolipid metabolism",32,0.50251,1,0.40043,0.39748,1,1,0
"Glyoxylate and dicarboxylate metabolism",32,0.50251,1,0.40043,0.39748,1,1,0
"Pyrimidine metabolism",39,0.61244,1,0.46466,0.33287,1,1,0.06789
"Tryptophan metabolism",41,0.64384,1,0.48176,0.31717,1,1,0
"Tyrosine metabolism",42,0.65955,1,0.49011,0.3097,1,1,0.13972
"Arachidonic acid metabolism",44,0.69095,1,0.50643,0.29548,1,1,0
"Primary bile acid biosynthesis",46,0.72236,1,0.52225,0.28212,1,1,0
"Purine metabolism",70,1.0992,1,0.6779,0.16883,1,1,0
"Steroid hormone biosynthesis",87,1.3662,1,0.75731,0.12073,1,1,0.04283
