"","total","expected","hits","Raw p","Holm p","FDR"
"Rheumatoid arthritis (China, increased)",27,0.966,12,2.12e-11,9.62e-09,9.62e-09
"Core Subgingival (N/A)",91,3.25,18,7.88e-10,3.57e-07,1.79e-07
"Rheumatoid arthritis (China, increase)",30,1.07,11,1.91e-09,8.64e-07,2.89e-07
"Age (Increase)",47,1.68,13,3.05e-09,1.38e-06,3.47e-07
"ChromograninA (Increase)",76,2.72,15,2.62e-08,1.18e-05,2.38e-06
"Crohn's Disease (increase)",21,0.751,8,2.62e-07,0.000118,1.98e-05
"Rheumatoid arthritis (China) (Increase)",22,0.787,8,4e-07,0.000179,2.59e-05
"Calprotectin (Increase)",15,0.536,6,6.7e-06,0.00299,0.00038
"Liver Cirrhosis (China, decrease)",52,1.86,10,9.01e-06,0.00402,0.000455
"Cirrhosis (China, increase)",21,0.751,6,6.11e-05,0.0272,0.00278
"IBS (Increase)",6,0.215,3,0.000815,0.362,0.0321
"Sex (Increase)",13,0.465,4,0.000848,0.376,0.0321
"BMI (Increase)",7,0.25,3,0.00139,0.614,0.0485
"Triglyceride (TG) (Increase)",16,0.572,4,0.00199,0.877,0.0645
"Coronary Disease; Male; BMI (increase)",4,0.143,2,0.00723,1,0.182
"Enterocolitis; Hirschsprung Disease (increase)",4,0.143,2,0.00723,1,0.182
"Fibromyalgia (decrease)",4,0.143,2,0.00723,1,0.182
"Fibromyalgia (Increase)",4,0.143,2,0.00723,1,0.182
"Cystic Fibrosis (Increase)",12,0.429,3,0.00767,1,0.183
"Colorectal cancer (CRC) Hong Kong and Denmark (Increase)",25,0.894,4,0.0108,1,0.246
"Autism (decrease)",5,0.179,2,0.0118,1,0.255
"Bristol av. stool type adjusted (Increase)",6,0.215,2,0.0173,1,0.326
"Fatigue Syndrome, Chronic (decrease)",6,0.215,2,0.0173,1,0.326
"Myocardial Infarction (increase)",6,0.215,2,0.0173,1,0.326
"Colorectal carcinogenesis (increase)",7,0.25,2,0.0236,1,0.412
"HIV-1 Infection (decrease)",7,0.25,2,0.0236,1,0.412
"Bristol av.stool.freq (Increase)",20,0.715,3,0.0324,1,0.544
"Cirrhosis (China, decrease)",35,1.25,4,0.0342,1,0.554
"Type 2 Diabetes (Chinese, decrease)",9,0.322,2,0.0386,1,0.605
"HIV-1 Infection (increase)",10,0.358,2,0.0472,1,0.714
"Colorectal cancer (CRC) Austria (Increase)",43,1.54,4,0.0651,1,0.938
"Beta Defensin 2 (Increase)",12,0.429,2,0.0661,1,0.938
"Colorectal carcinogenesis (Carcinoma, increase)",13,0.465,2,0.0763,1,1
"Resistance to Immune Checkpoint Inhibitors (increase)",13,0.465,2,0.0763,1,1
"Crohn's Disease (CD, increase)",14,0.501,2,0.087,1,1
"Eczema (increase)",30,1.07,3,0.0895,1,1
"Dysbiosis Of Bile Acid Homeostasis (Increase)",3,0.107,1,0.104,1,1
"Type 2 Diabetes (Chinese, increase)",16,0.572,2,0.11,1,1
"Celiac Disease (decrease)",4,0.143,1,0.136,1,1
"Coronary Artery Disease (Increase)",4,0.143,1,0.136,1,1
"Coronary Disease; Male (increase)",4,0.143,1,0.136,1,1
"Hepatitis B virus related decompensated Cirrhosis (decrease)",4,0.143,1,0.136,1,1
"Intestinal Polyposis (Increase)",4,0.143,1,0.136,1,1
"Obesity and Non-Alcoholic Fatty Liver Disease (decrease)",4,0.143,1,0.136,1,1
"Pregnant (decrease)",4,0.143,1,0.136,1,1
"Autism (increase)",5,0.179,1,0.167,1,1
"Decompensated hepatitis B virus cirrhosis (decrease)",5,0.179,1,0.167,1,1
"Granulocytes (Increase)",5,0.179,1,0.167,1,1
"HDL (Increase)",6,0.215,1,0.196,1,1
"Hiprculation (Increase)",6,0.215,1,0.196,1,1
"Leucocytes (Increase)",6,0.215,1,0.196,1,1
"Rett Syndrome (decrease)",6,0.215,1,0.196,1,1
"Colorectal cancer (early to late stages) (Increase)",7,0.25,1,0.225,1,1
"Insulin Resistance and  Fatty Liver (Increase)",7,0.25,1,0.225,1,1
"Inflammatory Bowel Diseases (Increase)",117,4.18,6,0.238,1,1
"Colorectal Carcinoma (US and Vietnam, increase)",8,0.286,1,0.253,1,1
"Diabetes Mellitus, Type 2 (increase)",8,0.286,1,0.253,1,1
"Liver Diseases (increase)",8,0.286,1,0.253,1,1
"Schizophrenia (increase)",8,0.286,1,0.253,1,1
"Stomach Neoplasms (Increase)",8,0.286,1,0.253,1,1
"Cystic Fibrosis (Increase)",9,0.322,1,0.28,1,1
"Diabetes Mellitus, Type 2 (decrease)",9,0.322,1,0.28,1,1
"Dysentery (decrease)",9,0.322,1,0.28,1,1
"Insulin Resistance and  Fatty Liver (decrease)",9,0.322,1,0.28,1,1
"Colorectal Neoplasms (Increase)",54,1.93,3,0.304,1,1
"Pancreatic Neoplasms (Increase)",10,0.358,1,0.306,1,1
"Colitis,Ulcerative (decrease)",11,0.393,1,0.331,1,1
"Kidney Calculi (decrease)",11,0.393,1,0.331,1,1
"Breast Neoplasms (decrease)",13,0.465,1,0.378,1,1
"Keratoconjunctivitis; Infectious (decrease)",13,0.465,1,0.378,1,1
"Liver Cirrhosis (China, increase)",13,0.465,1,0.378,1,1
"Obese (decrease_m)",13,0.465,1,0.378,1,1
"Eczema (decrease)",37,1.32,2,0.384,1,1
"Constipation (Increase)",14,0.501,1,0.4,1,1
"Colorectal Neoplasms (decrease)",15,0.536,1,0.422,1,1
"Colitis (Increase)",16,0.572,1,0.443,1,1
"Oral infection (Increase)",16,0.572,1,0.443,1,1
"Periodontal infection (Increase)",18,0.644,1,0.482,1,1
"Colorectal Neoplasms (decrease)",45,1.61,2,0.484,1,1
"Colorectal Neoplasms (increase)",77,2.75,3,0.526,1,1
"Non-Alcoholic Fatty Liver Disease (decrease)",78,2.79,3,0.535,1,1
"Drug Resistant Epilepsy (Increase)",26,0.93,1,0.614,1,1
"Non-Alcoholic Fatty Liver Disease (Increase)",92,3.29,3,0.649,1,1
"Colitis, Ulcerative (increase)",30,1.07,1,0.667,1,1
"Crohn Disease (Increase)",30,1.07,1,0.667,1,1
"Breast Neoplasms (Increase)",35,1.25,1,0.723,1,1
"Inflammatory Bowel Diseases (decrease)",104,3.72,3,0.73,1,1
"Colitis, Ulcerative (decrease)",37,1.32,1,0.743,1,1
"Diarrhea (decrease)",37,1.32,1,0.743,1,1
"Fatty Liver (Increase)",37,1.32,1,0.743,1,1
"Liver Cirrhosis (Increase)",43,1.54,1,0.794,1,1
"Metabolic Syndrome (Increase)",45,1.61,1,0.809,1,1
"Diabetes Mellitus (Increase)",62,2.22,1,0.899,1,1
"Obesity (Increase)",64,2.29,1,0.906,1,1
"Obesity (decrease)",71,2.54,1,0.928,1,1
"Core Microbiome Oral Cavity (Increase)",217,7.76,1,1,1,1
