"","Total","Expected","Hits","Raw p","-log10(p)","Holm adjust","FDR","Impact"
"Glycine, serine and threonine metabolism",33,0.78769,6,8.5141e-05,4.0699,0.0068113,0.0068113,0.33637
"Glycerophospholipid metabolism",36,0.8593,5,0.0012996,2.8862,0.10267,0.051985,0.40129
"alpha-Linolenic acid metabolism",13,0.3103,3,0.0030444,2.5165,0.23747,0.081185,0.33333
"Arginine and proline metabolism",36,0.8593,4,0.0094014,2.0268,0.72391,0.18803,0.23488
"Valine, leucine and isoleucine biosynthesis",8,0.19095,2,0.014192,1.848,1,0.22707,0
"One carbon pool by folate",26,0.6206,3,0.02234,1.6509,1,0.29787,0.12405
"Glyoxylate and dicarboxylate metabolism",32,0.76382,3,0.038634,1.413,1,0.37164,0.08667
"Sphingolipid metabolism",32,0.76382,3,0.038634,1.413,1,0.37164,0.21576
"Cysteine and methionine metabolism",33,0.78769,3,0.04181,1.3787,1,0.37164,0.04843
"Starch and sucrose metabolism",18,0.42965,2,0.066768,1.1754,1,0.52168,0.12329
"Tryptophan metabolism",41,0.97864,3,0.071732,1.1443,1,0.52168,0.00202
"Linoleic acid metabolism",5,0.11935,1,0.11392,0.9434,1,0.75947,0
"Glutathione metabolism",28,0.66834,2,0.14237,0.84658,1,0.87613,0.00709
"Phenylalanine metabolism",8,0.19095,1,0.1761,0.75425,1,0.93918,0
"Taurine and hypotaurine metabolism",8,0.19095,1,0.1761,0.75425,1,0.93918,0.4
"Biosynthesis of unsaturated fatty acids",36,0.8593,2,0.21131,0.67509,1,1,0
"Arginine biosynthesis",14,0.33417,1,0.28797,0.54066,1,1,0.06383
"D-Amino acid metabolism",15,0.35804,1,0.30511,0.51554,1,1,0
"Nicotinate and nicotinamide metabolism",15,0.35804,1,0.30511,0.51554,1,1,0
"Glycerolipid metabolism",16,0.38191,1,0.32186,0.49234,1,1,0.01246
"Retinol metabolism",17,0.40578,1,0.33821,0.47082,1,1,0.26289
"Pantothenate and CoA biosynthesis",20,0.47739,1,0.38499,0.41455,1,1,0.0068
"Citrate cycle (TCA cycle)",20,0.47739,1,0.38499,0.41455,1,1,0.04634
"Propanoate metabolism",22,0.52513,1,0.41437,0.38261,1,1,0
"Pyruvate metabolism",23,0.54899,1,0.42855,0.368,1,1,0.19137
"Glycolysis or Gluconeogenesis",26,0.6206,1,0.4691,0.32874,1,1,0.09785
"Galactose metabolism",27,0.64447,1,0.48198,0.31697,1,1,0.03888
"Alanine, aspartate and glutamate metabolism",28,0.66834,1,0.49456,0.30578,1,1,0
"Lipoic acid metabolism",28,0.66834,1,0.49456,0.30578,1,1,0
"Lysine degradation",30,0.71608,1,0.51883,0.28498,1,1,0.11247
"Porphyrin metabolism",31,0.73995,1,0.53053,0.27529,1,1,0.07453
"Glycosylphosphatidylinositol (GPI)-anchor biosynthesis",32,0.76382,1,0.54196,0.26603,1,1,0.03665
"Pyrimidine metabolism",39,0.9309,1,0.61471,0.21133,1,1,0.04697
"Valine, leucine and isoleucine degradation",40,0.95477,1,0.62414,0.20472,1,1,0.01084
"Steroid hormone biosynthesis",87,2.0766,2,0.62551,0.20376,1,1,0
"Tyrosine metabolism",42,1.0025,1,0.64233,0.19224,1,1,0
"Arachidonic acid metabolism",44,1.0503,1,0.65965,0.18068,1,1,0
"Primary bile acid biosynthesis",46,1.098,1,0.67616,0.16995,1,1,0
