"","total","expected","hits","Raw p","Holm p","FDR"
"Glycine and Serine Metabolism",59,2,8,0.000486,0.0477,0.0477
"Arginine and Proline Metabolism",52,1.76,5,0.0273,1,1
"Phenylacetate Metabolism",9,0.305,2,0.0347,1,1
"Alpha Linolenic Acid and Linoleic Acid Metabolism",17,0.577,2,0.111,1,1
"Methylhistidine Metabolism",4,0.136,1,0.129,1,1
"Tryptophan Metabolism",59,2,4,0.134,1,1
"Methionine Metabolism",42,1.43,3,0.167,1,1
"Urea Cycle",28,0.95,2,0.245,1,1
"Homocysteine Degradation",9,0.305,1,0.268,1,1
"Ammonia Recycling",31,1.05,2,0.284,1,1
"Starch and Sucrose Metabolism",31,1.05,2,0.284,1,1
"Pyruvaldehyde Degradation",10,0.339,1,0.293,1,1
"Nicotinate and Nicotinamide Metabolism",35,1.19,2,0.335,1,1
"Fatty Acid Biosynthesis",35,1.19,2,0.335,1,1
"Taurine and Hypotaurine Metabolism",12,0.407,1,0.341,1,1
"Phosphatidylethanolamine Biosynthesis",12,0.407,1,0.341,1,1
"Glucose-Alanine Cycle",13,0.441,1,0.363,1,1
"Phosphatidylcholine Biosynthesis",14,0.475,1,0.385,1,1
"Sphingolipid Metabolism",40,1.36,2,0.398,1,1
"Alanine Metabolism",17,0.577,1,0.447,1,1
"Spermidine and Spermine Biosynthesis",18,0.611,1,0.466,1,1
"Catecholamine Biosynthesis",20,0.679,1,0.502,1,1
"Glutathione Metabolism",20,0.679,1,0.502,1,1
"Ubiquinone Biosynthesis",20,0.679,1,0.502,1,1
"Threonine and 2-Oxobutanoate Degradation",20,0.679,1,0.502,1,1
"Pantothenate and CoA Biosynthesis",21,0.713,1,0.519,1,1
"Betaine Metabolism",21,0.713,1,0.519,1,1
"Carnitine Synthesis",22,0.747,1,0.536,1,1
"Transfer of Acetyl Groups into Mitochondria",22,0.747,1,0.536,1,1
"Glycolysis",23,0.78,1,0.552,1,1
"Estrone Metabolism",24,0.814,1,0.568,1,1
"Cysteine Metabolism",26,0.882,1,0.597,1,1
"Selenoamino Acid Metabolism",27,0.916,1,0.611,1,1
"Phospholipid Biosynthesis",29,0.984,1,0.638,1,1
"Citric Acid Cycle",32,1.09,1,0.675,1,1
"Amino Sugar Metabolism",33,1.12,1,0.686,1,1
"Gluconeogenesis",33,1.12,1,0.686,1,1
"Beta-Alanine Metabolism",34,1.15,1,0.697,1,1
"Retinol Metabolism",35,1.19,1,0.708,1,1
"Galactose Metabolism",38,1.29,1,0.737,1,1
"Porphyrin Metabolism",40,1.36,1,0.756,1,1
"Propanoate Metabolism",42,1.43,1,0.773,1,1
"Histidine Metabolism",42,1.43,1,0.773,1,1
"Steroidogenesis",43,1.46,1,0.781,1,1
"Pyruvate Metabolism",47,1.59,1,0.81,1,1
"Glutamate Metabolism",48,1.63,1,0.817,1,1
"Pyrimidine Metabolism",57,1.93,1,0.868,1,1
"Warburg Effect",57,1.93,1,0.868,1,1
"Valine, Leucine and Isoleucine Degradation",59,2,1,0.877,1,1
"Bile Acid Biosynthesis",65,2.21,1,0.902,1,1
"Arachidonic Acid Metabolism",67,2.27,1,0.909,1,1
"Tyrosine Metabolism",70,2.38,1,0.918,1,1
