{
 "nodes": [
 {
 "id": "Glycine and Serine Metabolism",
"label": "Glycine and Serine Metabolism",
"size":        7,
"color": "#FF0000",
"x": 4.578176,
"y": -2.367214 
},
{
 "id": "Arginine and Proline Metabolism",
"label": "Arginine and Proline Metabolism",
"size": 5.840909,
"color": "#FF0700",
"x": 5.147969,
"y": -1.554527 
},
{
 "id": "Phenylacetate Metabolism",
"label": "Phenylacetate Metabolism",
"size": 9.557377,
"color": "#FF0E00",
"x": -0.2933374,
"y": -1.946779 
},
{
 "id": "Alpha Linolenic Acid and Linoleic Acid Metabolism",
"label": "Alpha Linolenic Acid and Linoleic Acid Metabolism",
"size": 6.466205,
"color": "#FF1500",
"x": -1.627947,
"y": 1.485565 
},
{
 "id": "Methylhistidine Metabolism",
"label": "Methylhistidine Metabolism",
"size": 10.35294,
"color": "#FF1C00",
"x":  4.51321,
"y": -6.169483 
},
{
 "id": "Tryptophan Metabolism",
"label": "Tryptophan Metabolism",
"size":        5,
"color": "#FF2200",
"x": -0.8749283,
"y": -5.266753 
},
{
 "id": "Methionine Metabolism",
"label": "Methionine Metabolism",
"size": 5.097902,
"color": "#FF2900",
"x": 3.456656,
"y": -2.671154 
},
{
 "id": "Urea Cycle",
"label": "Urea Cycle",
"size": 5.105263,
"color": "#FF3000",
"x": 5.025588,
"y": -0.2417655 
},
{
 "id": "Homocysteine Degradation",
"label": "Homocysteine Degradation",
"size": 6.278689,
"color": "#FF3700",
"x": 2.570022,
"y": -5.971714 
},
{
 "id": "Ammonia Recycling",
"label": "Ammonia Recycling",
"size": 4.904762,
"color": "#FF3E00",
"x": 4.404137,
"y": -1.199131 
},
{
 "id": "Starch and Sucrose Metabolism",
"label": "Starch and Sucrose Metabolism",
"size": 4.904762,
"color": "#FF4500",
"x": 3.894303,
"y": 3.982347 
},
{
 "id": "Pyruvaldehyde Degradation",
"label": "Pyruvaldehyde Degradation",
"size": 5.949853,
"color": "#FF4C00",
"x": -2.184118,
"y": 0.01707916 
},
{
 "id": "Nicotinate and Nicotinamide Metabolism",
"label": "Nicotinate and Nicotinamide Metabolism",
"size": 4.680672,
"color": "#FF5300",
"x": 5.657801,
"y": -2.045518 
},
{
 "id": "Fatty Acid Biosynthesis",
"label": "Fatty Acid Biosynthesis",
"size": 4.680672,
"color": "#FF5A00",
"x": -0.2698684,
"y": -3.558565 
},
{
 "id": "Taurine and Hypotaurine Metabolism",
"label": "Taurine and Hypotaurine Metabolism",
"size": 5.457002,
"color": "#FF6000",
"x": 0.8180838,
"y": 2.409175 
},
{
 "id": "Phosphatidylethanolamine Biosynthesis",
"label": "Phosphatidylethanolamine Biosynthesis",
"size": 5.457002,
"color": "#FF6700",
"x": 5.937631,
"y": -6.420123 
},
{
 "id": "Glucose-Alanine Cycle",
"label": "Glucose-Alanine Cycle",
"size": 5.267574,
"color": "#FF6E00",
"x": 3.679919,
"y": 0.5826268 
},
{
 "id": "Phosphatidylcholine Biosynthesis",
"label": "Phosphatidylcholine Biosynthesis",
"size": 5.105263,
"color": "#FF7500",
"x": 6.729266,
"y": -6.12711 
},
{
 "id": "Sphingolipid Metabolism",
"label": "Sphingolipid Metabolism",
"size": 4.470588,
"color": "#FF7C00",
"x": 1.022817,
"y": 3.835957 
},
{
 "id": "Alanine Metabolism",
"label": "Alanine Metabolism",
"size": 4.733102,
"color": "#FF8300",
"x": 4.584032,
"y": 0.2292859 
},
{
 "id": "Spermidine and Spermine Biosynthesis",
"label": "Spermidine and Spermine Biosynthesis",
"size": 4.636661,
"color": "#FF8A00",
"x": 2.562218,
"y": -3.707343 
},
{
 "id": "Catecholamine Biosynthesis",
"label": "Catecholamine Biosynthesis",
"size": 4.472754,
"color": "#FF9100",
"x": -2.07599,
"y": -2.414924 
},
{
 "id": "Glutathione Metabolism",
"label": "Glutathione Metabolism",
"size": 4.472754,
"color": "#FF9800",
"x": 7.238999,
"y": -1.377667 
},
{
 "id": "Ubiquinone Biosynthesis",
"label": "Ubiquinone Biosynthesis",
"size": 4.472754,
"color": "#FF9F00",
"x": 8.441719,
"y": -4.297658 
},
{
 "id": "Threonine and 2-Oxobutanoate Degradation",
"label": "Threonine and 2-Oxobutanoate Degradation",
"size": 4.472754,
"color": "#FFA500",
"x": 7.308755,
"y": 1.001159 
},
{
 "id": "Pantothenate and CoA Biosynthesis",
"label": "Pantothenate and CoA Biosynthesis",
"size": 4.402525,
"color": "#FFAC00",
"x": 7.148991,
"y": -4.815153 
},
{
 "id": "Betaine Metabolism",
"label": "Betaine Metabolism",
"size": 4.402525,
"color": "#FFB300",
"x": 3.607911,
"y": -3.653401 
},
{
 "id": "Carnitine Synthesis",
"label": "Carnitine Synthesis",
"size": 4.338688,
"color": "#FFBA00",
"x": -2.182424,
"y": -1.580675 
},
{
 "id": "Transfer of Acetyl Groups into Mitochondria",
"label": "Transfer of Acetyl Groups into Mitochondria",
"size": 4.338688,
"color": "#FFC100",
"x": 5.534665,
"y": 0.8880926 
},
{
 "id": "Glycolysis",
"label": "Glycolysis",
"size": 4.282051,
"color": "#FFC800",
"x": 4.936727,
"y": 3.199067 
},
{
 "id": "Estrone Metabolism",
"label": "Estrone Metabolism",
"size": 4.228501,
"color": "#FFCF00",
"x": 0.4284791,
"y": -6.355157 
},
{
 "id": "Cysteine Metabolism",
"label": "Cysteine Metabolism",
"size": 4.133787,
"color": "#FFD600",
"x": 4.030398,
"y": -0.232945 
},
{
 "id": "Selenoamino Acid Metabolism",
"label": "Selenoamino Acid Metabolism",
"size": 4.091703,
"color": "#FFDD00",
"x": -0.1487829,
"y": 1.099822 
},
{
 "id": "Phospholipid Biosynthesis",
"label": "Phospholipid Biosynthesis",
"size":  4.01626,
"color": "#FFE300",
"x": -1.78603,
"y": -3.984433 
},
{
 "id": "Citric Acid Cycle",
"label": "Citric Acid Cycle",
"size": 3.917431,
"color": "#FFEA00",
"x": 6.148424,
"y": 0.8790108 
},
{
 "id": "Amino Sugar Metabolism",
"label": "Amino Sugar Metabolism",
"size": 3.892857,
"color": "#FFF100",
"x": 3.719663,
"y": -7.27224 
},
{
 "id": "Gluconeogenesis",
"label": "Gluconeogenesis",
"size": 3.892857,
"color": "#FFF800",
"x": 5.871663,
"y": 2.323373 
},
{
 "id": "Beta-Alanine Metabolism",
"label": "Beta-Alanine Metabolism",
"size": 3.869565,
"color": "#FFFF00",
"x": 2.610396,
"y": -0.5236332 
},
{
 "id": "Retinol Metabolism",
"label": "Retinol Metabolism",
"size": 3.840336,
"color": "#FFFF0B",
"x": 9.115872,
"y": -2.737439 
},
{
 "id": "Galactose Metabolism",
"label": "Galactose Metabolism",
"size": 3.775194,
"color": "#FFFF20",
"x": 2.880747,
"y": 4.186526 
},
{
 "id": "Porphyrin Metabolism",
"label": "Porphyrin Metabolism",
"size": 3.735294,
"color": "#FFFF35",
"x": -0.6133093,
"y": 2.847933 
},
{
 "id": "Propanoate Metabolism",
"label": "Propanoate Metabolism",
"size": 3.699301,
"color": "#FFFF4A",
"x": 6.697133,
"y": 0.2880861 
},
{
 "id": "Histidine Metabolism",
"label": "Histidine Metabolism",
"size": 3.699301,
"color": "#FFFF60",
"x": 3.956248,
"y": -1.591748 
},
{
 "id": "Steroidogenesis",
"label": "Steroidogenesis",
"size": 3.684932,
"color": "#FFFF75",
"x": 0.7027785,
"y": -4.915102 
},
{
 "id": "Pyruvate Metabolism",
"label": "Pyruvate Metabolism",
"size": 3.628931,
"color": "#FFFF8A",
"x": 6.333571,
"y": 1.386827 
},
{
 "id": "Glutamate Metabolism",
"label": "Glutamate Metabolism",
"size": 3.613497,
"color": "#FFFF9F",
"x": 5.630987,
"y": -0.3777749 
},
{
 "id": "Pyrimidine Metabolism",
"label": "Pyrimidine Metabolism",
"size": 3.518135,
"color": "#FFFFB5",
"x": 1.845384,
"y": -7.059808 
},
{
 "id": "Warburg Effect",
"label": "Warburg Effect",
"size": 3.518135,
"color": "#FFFFCA",
"x": 5.425081,
"y": 1.719725 
},
{
 "id": "Valine, Leucine and Isoleucine Degradation",
"label": "Valine, Leucine and Isoleucine Degradation",
"size":      3.5,
"color": "#FFFFDF",
"x": 8.225163,
"y": 0.4348266 
},
{
 "id": "Bile Acid Biosynthesis",
"label": "Bile Acid Biosynthesis",
"size": 3.452489,
"color": "#FFFFF4",
"x": -0.6180485,
"y": -0.3689188 
} 
],
"edges": [ {
 "id": "1",
"source": "Glycine and Serine Metabolism",
"target": "Arginine and Proline Metabolism" 
},
{
 "id": "2",
"source": "Glycine and Serine Metabolism",
"target": "Methionine Metabolism" 
},
{
 "id": "3",
"source": "Arginine and Proline Metabolism",
"target": "Urea Cycle" 
},
{
 "id": "4",
"source": "Glycine and Serine Metabolism",
"target": "Ammonia Recycling" 
},
{
 "id": "5",
"source": "Arginine and Proline Metabolism",
"target": "Ammonia Recycling" 
},
{
 "id": "6",
"source": "Methionine Metabolism",
"target": "Ammonia Recycling" 
},
{
 "id": "7",
"source": "Urea Cycle",
"target": "Ammonia Recycling" 
},
{
 "id": "8",
"source": "Arginine and Proline Metabolism",
"target": "Nicotinate and Nicotinamide Metabolism" 
},
{
 "id": "9",
"source": "Urea Cycle",
"target": "Glucose-Alanine Cycle" 
},
{
 "id": "10",
"source": "Phosphatidylethanolamine Biosynthesis",
"target": "Phosphatidylcholine Biosynthesis" 
},
{
 "id": "11",
"source": "Urea Cycle",
"target": "Alanine Metabolism" 
},
{
 "id": "12",
"source": "Ammonia Recycling",
"target": "Alanine Metabolism" 
},
{
 "id": "13",
"source": "Methionine Metabolism",
"target": "Spermidine and Spermine Biosynthesis" 
},
{
 "id": "14",
"source": "Glycine and Serine Metabolism",
"target": "Betaine Metabolism" 
},
{
 "id": "15",
"source": "Methionine Metabolism",
"target": "Betaine Metabolism" 
},
{
 "id": "16",
"source": "Spermidine and Spermine Biosynthesis",
"target": "Betaine Metabolism" 
},
{
 "id": "17",
"source": "Catecholamine Biosynthesis",
"target": "Carnitine Synthesis" 
},
{
 "id": "18",
"source": "Urea Cycle",
"target": "Transfer of Acetyl Groups into Mitochondria" 
},
{
 "id": "19",
"source": "Glucose-Alanine Cycle",
"target": "Transfer of Acetyl Groups into Mitochondria" 
},
{
 "id": "20",
"source": "Alanine Metabolism",
"target": "Transfer of Acetyl Groups into Mitochondria" 
},
{
 "id": "21",
"source": "Threonine and 2-Oxobutanoate Degradation",
"target": "Transfer of Acetyl Groups into Mitochondria" 
},
{
 "id": "22",
"source": "Starch and Sucrose Metabolism",
"target": "Glycolysis" 
},
{
 "id": "23",
"source": "Urea Cycle",
"target": "Cysteine Metabolism" 
},
{
 "id": "24",
"source": "Ammonia Recycling",
"target": "Cysteine Metabolism" 
},
{
 "id": "25",
"source": "Glucose-Alanine Cycle",
"target": "Cysteine Metabolism" 
},
{
 "id": "26",
"source": "Alanine Metabolism",
"target": "Cysteine Metabolism" 
},
{
 "id": "27",
"source": "Urea Cycle",
"target": "Citric Acid Cycle" 
},
{
 "id": "28",
"source": "Threonine and 2-Oxobutanoate Degradation",
"target": "Citric Acid Cycle" 
},
{
 "id": "29",
"source": "Transfer of Acetyl Groups into Mitochondria",
"target": "Citric Acid Cycle" 
},
{
 "id": "30",
"source": "Transfer of Acetyl Groups into Mitochondria",
"target": "Gluconeogenesis" 
},
{
 "id": "31",
"source": "Glycolysis",
"target": "Gluconeogenesis" 
},
{
 "id": "32",
"source": "Citric Acid Cycle",
"target": "Gluconeogenesis" 
},
{
 "id": "33",
"source": "Glucose-Alanine Cycle",
"target": "Beta-Alanine Metabolism" 
},
{
 "id": "34",
"source": "Starch and Sucrose Metabolism",
"target": "Galactose Metabolism" 
},
{
 "id": "35",
"source": "Urea Cycle",
"target": "Propanoate Metabolism" 
},
{
 "id": "36",
"source": "Threonine and 2-Oxobutanoate Degradation",
"target": "Propanoate Metabolism" 
},
{
 "id": "37",
"source": "Transfer of Acetyl Groups into Mitochondria",
"target": "Propanoate Metabolism" 
},
{
 "id": "38",
"source": "Citric Acid Cycle",
"target": "Propanoate Metabolism" 
},
{
 "id": "39",
"source": "Arginine and Proline Metabolism",
"target": "Histidine Metabolism" 
},
{
 "id": "40",
"source": "Methionine Metabolism",
"target": "Histidine Metabolism" 
},
{
 "id": "41",
"source": "Urea Cycle",
"target": "Histidine Metabolism" 
},
{
 "id": "42",
"source": "Ammonia Recycling",
"target": "Histidine Metabolism" 
},
{
 "id": "43",
"source": "Nicotinate and Nicotinamide Metabolism",
"target": "Histidine Metabolism" 
},
{
 "id": "44",
"source": "Beta-Alanine Metabolism",
"target": "Histidine Metabolism" 
},
{
 "id": "45",
"source": "Transfer of Acetyl Groups into Mitochondria",
"target": "Pyruvate Metabolism" 
},
{
 "id": "46",
"source": "Citric Acid Cycle",
"target": "Pyruvate Metabolism" 
},
{
 "id": "47",
"source": "Gluconeogenesis",
"target": "Pyruvate Metabolism" 
},
{
 "id": "48",
"source": "Propanoate Metabolism",
"target": "Pyruvate Metabolism" 
},
{
 "id": "49",
"source": "Glycine and Serine Metabolism",
"target": "Glutamate Metabolism" 
},
{
 "id": "50",
"source": "Arginine and Proline Metabolism",
"target": "Glutamate Metabolism" 
},
{
 "id": "51",
"source": "Urea Cycle",
"target": "Glutamate Metabolism" 
},
{
 "id": "52",
"source": "Ammonia Recycling",
"target": "Glutamate Metabolism" 
},
{
 "id": "53",
"source": "Nicotinate and Nicotinamide Metabolism",
"target": "Glutamate Metabolism" 
},
{
 "id": "54",
"source": "Alanine Metabolism",
"target": "Glutamate Metabolism" 
},
{
 "id": "55",
"source": "Glutathione Metabolism",
"target": "Glutamate Metabolism" 
},
{
 "id": "56",
"source": "Transfer of Acetyl Groups into Mitochondria",
"target": "Glutamate Metabolism" 
},
{
 "id": "57",
"source": "Cysteine Metabolism",
"target": "Glutamate Metabolism" 
},
{
 "id": "58",
"source": "Citric Acid Cycle",
"target": "Glutamate Metabolism" 
},
{
 "id": "59",
"source": "Propanoate Metabolism",
"target": "Glutamate Metabolism" 
},
{
 "id": "60",
"source": "Pyruvate Metabolism",
"target": "Glutamate Metabolism" 
},
{
 "id": "61",
"source": "Transfer of Acetyl Groups into Mitochondria",
"target": "Warburg Effect" 
},
{
 "id": "62",
"source": "Glycolysis",
"target": "Warburg Effect" 
},
{
 "id": "63",
"source": "Citric Acid Cycle",
"target": "Warburg Effect" 
},
{
 "id": "64",
"source": "Gluconeogenesis",
"target": "Warburg Effect" 
},
{
 "id": "65",
"source": "Pyruvate Metabolism",
"target": "Warburg Effect" 
},
{
 "id": "66",
"source": "Glutamate Metabolism",
"target": "Warburg Effect" 
},
{
 "id": "67",
"source": "Threonine and 2-Oxobutanoate Degradation",
"target": "Valine, Leucine and Isoleucine Degradation" 
},
{
 "id": "68",
"source": "Propanoate Metabolism",
"target": "Valine, Leucine and Isoleucine Degradation" 
} ] 
}