"Query","Match","HMDB","PubChem","KEGG","SMILES","Comment"
"HMDB0012090","SM(d18:0/20:0)","HMDB0012090","44260131","C00550","CCCCCCCCCCCCCCCCCCCC(=O)N[C@@H](COP([O-])(=O)OCC[N+](C)(C)C)[C@H](O)CCCCCCCCCCCCCCC","1"
"HMDB0010163","PS(18:0/18:1(9Z))","HMDB0010163","59720717","C02737","CCCCCCCCCCCCCCCCCC(=O)OC[C@H](COP(O)(=O)OC[C@H](N)C(O)=O)OC(=O)CCCCCCC\C=C/CCCCCCCC","1"
"HMDB0001348","SM(d18:1/18:0)","HMDB0001348","6453725","C00550","[H][C@@](COP([O-])(=O)OCC[N+](C)(C)C)(NC(=O)CCCCCCCCCCCCCCCCC)[C@H](O)\C=C\CCCCCCCCCCCCC","1"
"HMDB0008994","PE(18:0/18:2(9Z,12Z))","HMDB0008994","9546749","C00350","[H][C@@](COC(=O)CCCCCCCCCCCCCCCCC)(COP(O)(=O)OCCN)OC(=O)CCCCCCC\C=C/C\C=C/CCCCC","1"
"HMDB0007883","PC(34:4)","HMDB0007883","24778634","C00157","CCCCCCCCCCCCCC(=O)OC[C@]([H])(COP([O-])(=O)OCC[N+](C)(C)C)OC(=O)CCC\C=C/C\C=C/C\C=C/C\C=C/CCCCC","1"
"HMDB0041947","N1,N8-Diacetylspermidine","HMDB0041947","389613",NA,"CC(=O)NCCCCNCCCNC(C)=O","1"
"HMDB0009012","PE(18:0/22:6(4Z,7Z,10Z,13Z,16Z,19Z))","HMDB0009012","9546798","C00350","[H][C@@](COC(=O)CCCCCCCCCCCCCCCCC)(COP(O)(=O)OCCN)OC(=O)CC\C=C/C\C=C/C\C=C/C\C=C/C\C=C/C\C=C/CC","1"
"HMDB0094682","5alpha-Androstan-3alpha,17beta-diol disulfate","HMDB0094682","56639109",NA,"[H][C@@]12CC[C@H](OS(O)(=O)=O)[C@@]1(C)CC[C@@]1([H])[C@@]2([H])CC[C@@]2([H])C[C@@H](CC[C@]12C)OS(O)(=O)=O","1"
"HMDB0000493","5alpha-Androstane-3beta,17beta-diol","HMDB0000493","242332","C12525","[H][C@@]12CC[C@H](O)[C@@]1(C)CC[C@@]1([H])[C@@]2([H])CC[C@@]2([H])C[C@@H](O)CC[C@]12C","1"
"HMDB0011760","Cer(d18:0/16:0)","HMDB0011760","5283572",NA,"CCCCCCCCCCCCCCC[C@@H](O)[C@H](CO)NC(=O)CCCCCCCCCCCCCCC","1"
"HMDB0240659","NA","NA","NA","NA","NA","0"
"HMDB0007249","DG(18:2(9Z,12Z)/18:3(6Z,9Z,12Z)/0:0)","HMDB0007249","14275409",NA,"[H][C@](CO)(COC(=O)CCCCCCC\C=C/C\C=C/CCCCC)OC(=O)CCCC\C=C/C\C=C/C\C=C/CCCCC","1"
"HMDB0029738","Indole-3-methyl acetate","HMDB0029738","74706",NA,"COC(=O)CC1=CNC2=C1C=CC=C2","1"
"HMDB0013816","2,4-Di-tert-butylphenol","HMDB0013816","7311",NA,"CC(C)(C)C1=CC=C(O)C(=C1)C(C)(C)C","1"
"HMDB0062321","1-tetradecanoyl-sn-glycero-3-phosphate","HMDB0062321","9547180",NA,"CCCCCCCCCCCCCC(=O)OC[C@@H](O)COP(O)(O)=O","1"
"HMDB0010575","PG(16:0/18:2(9Z,12Z))","HMDB0010575","52927246",NA,"[H][C@](O)(CO)COP(O)(=O)OC[C@@]([H])(COC(=O)CCCCCCCCCCCCCCC)OC(=O)CCCCCCC\C=C/C\C=C/CCCCC","1"
"HMDB0000965","Hypotaurine","HMDB0000965","107812","C00519","NCCS(O)=O","1"
"HMDB0006344","Phenylacetylglutamine","HMDB0006344","92258","C04148","NC(=O)CC[C@H](NC(=O)CC1=CC=CC=C1)C(O)=O","1"
"HMDB0011635","p-Cresol sulfate","HMDB0011635","4615423",NA,"CC1=CC=C(OS(O)(=O)=O)C=C1","1"
"HMDB0003320","Indole-3-carboxylic acid","HMDB0003320","69867","C19837","OC(=O)C1=CNC2=CC=CC=C12","1"
"HMDB0240611","NA","NA","NA","NA","NA","0"
"HMDB0240677","NA","NA","NA","NA","NA","0"
"HMDB0010351","11-beta-Hydroxyandrosterone-3-glucuronide","HMDB0010351","1864","C05643","[H][C@@]12CCC(=O)[C@@]1(C)C[C@H](O)[C@@]1([H])[C@@]2([H])CC[C@@]2([H])C[C@@H](CC[C@]12C)O[C@@H]1O[C@@H]([C@@H](O)[C@H](O)[C@H]1O)C(O)=O","1"
"HMDB0008928","PE(16:0/18:2(9Z,12Z))","HMDB0008928","9546747","C00350","[H][C@@](COC(=O)CCCCCCCCCCCCCCC)(COP(O)(=O)OCCN)OC(=O)CCCCCCC\C=C/C\C=C/CCCCC","1"
"HMDB0001008","Biliverdin","HMDB0001008","5353439","C00500","CC1=C(C=C)\C(NC1=O)=C\C1=C(C)C(CCC(O)=O)=C(N1)\C=C1/N=C(/C=C2\NC(=O)C(C=C)=C2C)C(C)=C1CCC(O)=O","1"
"HMDB0061918","1,3-Dihydro-(2H)-indol-2-one","HMDB0061918","321710","C12312","O=C1CC2=CC=CC=C2N1","1"
"HMDB0240625","NA","NA","NA","NA","NA","0"
"HMDB0010605","PG(18:0/18:2(9Z,12Z))","HMDB0010605","52927245",NA,"[H][C@](O)(CO)COP(O)(=O)OC[C@@]([H])(COC(=O)CCCCCCCCCCCCCCCCC)OC(=O)CCCCCCC\C=C/C\C=C/CCCCC","1"
"HMDB0000350","3-Hydroxysebacic acid","HMDB0000350","124350389",NA,"O[C@H](CCCCCCC(O)=O)CC(O)=O","1"
"HMDB0000881","Xanthurenic acid","HMDB0000881","5699","C02470","OC(=O)C1=NC2=C(O)C=CC=C2C(O)=C1","1"
"HMDB0094713","NA","NA","NA","NA","NA","0"
"HMDB0013240","Indoleacetyl glutamine","HMDB0013240","25200879",NA,"NC(=O)CCC(NC(=O)CC1=CNC2=CC=CC=C12)C(O)=O","1"
"HMDB0010325","Ethyl glucuronide","HMDB0010325","18392195",NA,"CCO[C@@H]1O[C@@H]([C@@H](O)[C@H](O)[C@H]1O)C(O)=O","1"
"HMDB0001353","2-Keto-3-deoxy-D-gluconic acid","HMDB0001353","194024","C01216","OC[C@@H](O)[C@H](O)CC(=O)C(O)=O","1"
"HMDB0240637","NA","NA","NA","NA","NA","0"
"HMDB0000939","S-Adenosylhomocysteine","HMDB0000939","439155","C00021","N[C@@H](CCSC[C@H]1O[C@H]([C@H](O)[C@@H]1O)N1C=NC2=C1N=CN=C2N)C(O)=O","1"
"HMDB0010407","LysoPC(P-16:0/0:0)","HMDB0010407","10917802","C04230","CCCCCCCCCCCCCC\C=C/OC[C@](O)([H])COP([O-])(=O)OCC[N+](C)(C)C","1"
"HMDB0009784","PI(16:0/18:2(9Z,12Z))","HMDB0009784","46891796",NA,"CCCCCCCCCCCCCCCC(=O)OC[C@H](COP(O)(=O)O[C@H]1[C@H](O)[C@@H](O)[C@H](O)[C@@H](O)[C@H]1O)OC(=O)CCCCCCC\C=C/C\C=C/CCCCC","1"
"HMDB0004988","Pi-Methylimidazoleacetic acid","HMDB0004988","6451814",NA,"CN1C=NC=C1CC(O)=O","1"
"HMDB0000258","Sucrose","HMDB0000258","5988","C00089","OC[C@H]1O[C@@](CO)(O[C@H]2O[C@H](CO)[C@@H](O)[C@H](O)[C@H]2O)[C@@H](O)[C@@H]1O","1"
"HMDB0012105","SM(d18:1/23:0)","HMDB0012105","46891684","C00550","CCCCCCCCCCCCCCCCCCCCCCC(=O)N[C@@H](COP([O-])(=O)OCC[N+](C)(C)C)[C@H](O)\C=C\CCCCCCCCCCCCC","1"
"HMDB0341220","NA","NA","NA","NA","NA","0"
"HMDB0011207","PC(P-16:0/16:1(9Z))","HMDB0011207","52923882",NA,"CCCCCCCCCCCCCC\C=C/OC[C@]([H])(COP([O-])(=O)OCC[N+](C)(C)C)OC(=O)CCCCCCC\C=C/CCCCCC","1"
"HMDB0242155","NA","NA","NA","NA","NA","0"
"HMDB0240627","NA","NA","NA","NA","NA","0"
"HMDB0240341","NA","NA","NA","NA","NA","0"
"HMDB0000163","D-Maltose","HMDB0000163","10991489","C00208","OC[C@H]1O[C@H](O[C@H]2[C@H](O)[C@H](O)[C@@H](O)O[C@@H]2CO)[C@H](O)[C@@H](O)[C@@H]1O","1"
"HMDB0011686","p-Cresol glucuronide","HMDB0011686","154035",NA,"CC1=CC=C(O[C@@H]2O[C@@H]([C@@H](O)[C@H](O)[C@H]2O)C(O)=O)C=C1","1"
"HMDB0007869","PC(30:0)","HMDB0007869","129657","C00157","[H][C@@](COC(=O)CCCCCCCCCCCCC)(COP([O-])(=O)OCC[N+](C)(C)C)OC(=O)CCCCCCCCCCCCCCC","1"
"HMDB0034276","L,L-Cyclo(leucylprolyl)","HMDB0034276","7074739",NA,"[H][C@@]12CCCN1C(=O)[C@H](CC(C)C)NC2=O","1"
"HMDB0240626","NA","NA","NA","NA","NA","0"
"HMDB0008140","PC(18:2(9Z,12Z)/18:3(6Z,9Z,12Z))","HMDB0008140","52922729","C00157","CCCCC\C=C/C\C=C/CCCCCCCC(=O)OC[C@]([H])(COP([O-])(=O)OCC[N+](C)(C)C)OC(=O)CCCC\C=C/C\C=C/C\C=C/CCCCC","1"
"HMDB0006547","Stearidonic acid","HMDB0006547","5312508","C16300","CC\C=C/C\C=C/C\C=C/C\C=C/CCCCC(O)=O","1"
"HMDB0002013","Butyrylcarnitine","HMDB0002013","213144","C02862","CCCC(=O)O[C@H](CC([O-])=O)C[N+](C)(C)C","1"
"HMDB0002580","Taurolithocholic acid 3-sulfate","HMDB0002580","440071","C03642","[H][C@@]1(CC[C@@]2([H])[C@]3([H])CC[C@]4([H])C[C@@H](CC[C@]4(C)[C@@]3([H])CC[C@]12C)OS(O)(=O)=O)[C@H](C)CCC(=O)NCCS(O)(=O)=O","1"
"HMDB0000008","2-Hydroxybutyric acid","HMDB0000008","440864","C05984","CC[C@H](O)C(O)=O","1"
"HMDB0059772","N-Phenylacetylglutamic acid","HMDB0059772","11579826",NA,"OC(=O)CC[C@H](NC(=O)CC1=CC=CC=C1)C(O)=O","1"
"HMDB0000064","Creatine","HMDB0000064","586","C00300","CN(CC(O)=O)C(N)=N","1"
"HMDB0032055","N-Acetylhistidine","HMDB0032055","75619","C02997","CC(=O)N[C@@H](CC1=CNC=N1)C(O)=O","1"
"HMDB0000209","Phenylacetic acid","HMDB0000209","999","C07086","OC(=O)CC1=CC=CC=C1","1"
"HMDB0060426","8-Methoxykynurenate","HMDB0060426","76230","C05830","COC1=CC=CC2=C(O)C=C(N=C12)C(O)=O","1"
"HMDB0242158","NA","NA","NA","NA","NA","0"
"HMDB0001388","alpha-Linolenic acid","HMDB0001388","5280934","C06427","CC\C=C/C\C=C/C\C=C/CCCCCCCC(O)=O","1"
"HMDB0003045","Ergothioneine","HMDB0003045","5351619","C05570","C[N+](C)(C)[C@@H](CC1=CNC(=S)N1)C([O-])=O","1"
"HMDB0302754","2-Aminoadipic acid","HMDB0302754","469","C00956","NC(CCCC(O)=O)C(O)=O","1"
"HMDB0060018","Pyrogallol-2-O-sulphate","HMDB0060018","92013661",NA,"OC1=CC=CC(O)=C1OS(O)(=O)=O","1"
"HMDB0242169","NA","NA","NA","NA","NA","0"
"HMDB0004160","Urobilin","HMDB0004160","440785","C05794","[H]C(C1=C(CCC(O)=O)C(C)=C(CC2NC(=O)C(C)=C2CC)N1)=C1N=C(CC2NC(=O)C(CC)=C2C)C(C)=C1CCC(O)=O","1"
"HMDB0000197","Indoleacetic acid","HMDB0000197","802","C00954","OC(=O)CC1=CNC2=C1C=CC=C2","1"
"HMDB0000176","Maleic acid","HMDB0000176","444266","C01384","OC(=O)\C=C/C(O)=O","1"
"HMDB0240362","NA","NA","NA","NA","NA","0"
"HMDB0000226","Orotic acid","HMDB0000226","967","C00295","OC(=O)C1=CC(=O)NC(=O)N1","1"
"HMDB0000305","Vitamin A","HMDB0000305","445354","C00473","C\C(=C/CO)\C=C\C=C(/C)\C=C\C1=C(C)CCCC1(C)C","1"
"HMDB0008927","PE(16:0/18:1(9Z))","HMDB0008927","5283496","C00350","[H][C@@](COC(=O)CCCCCCCCCCCCCCC)(COP(O)(=O)OCCN)OC(=O)CCCCCCC\C=C/CCCCCCCC","1"
"HMDB0061690","NA","NA","NA","NA","NA","0"
"HMDB0008937","PE(16:0/20:4(5Z,8Z,11Z,14Z))","HMDB0008937","9546800","C00350","[H][C@@](COC(=O)CCCCCCCCCCCCCCC)(COP(O)(=O)OCCN)OC(=O)CCC\C=C/C\C=C/C\C=C/C\C=C/CCCCC","1"
"HMDB0000526","5alpha-Tetrahydrocortisol","HMDB0000526","92748",NA,"[H][C@@]12CC[C@](O)(C(=O)CO)[C@@]1(C)C[C@H](O)[C@@]1([H])[C@@]2([H])CC[C@@]2([H])C[C@H](O)CC[C@]12C","1"
"HMDB0002070","4-Hydroxy-2-oxoglutaric acid","HMDB0002070","599","C01127","OC(CC(=O)C(O)=O)C(O)=O","1"
"HMDB0002366","Tiglylcarnitine","HMDB0002366","91825636",NA,"C\C=C(/C)C(=O)O[C@H](CC([O-])=O)C[N+](C)(C)C","1"
"HMDB0013213","Alpha-Linoleoylcholine","HMDB0013213","53481656",NA,"CCCCC\C=C/C\C=C/CCCCCCCC(=O)OCC[N+](C)(C)C","1"
"HMDB0000943","Threonic acid","HMDB0000943","5460407","C01620","OC[C@H](O)[C@@H](O)C(O)=O","1"
"HMDB0011503","LysoPE(16:0/0:0)","HMDB0011503","9547069",NA,"[H][C@@](O)(COC(=O)CCCCCCCCCCCCCCC)COP(O)(=O)OCCN","1"
"HMDB0240648","NA","NA","NA","NA","NA","0"
"HMDB0010386","LysoPC(18:2/0:0)","HMDB0010386","11005824","C04230","CCCCC\C=C/C\C=C/CCCCCCCC(=O)OC[C@@H](O)COP([O-])(=O)OCC[N+](C)(C)C","1"
"HMDB0007969","PC(16:0/16:1(9Z))","HMDB0007969","6443788","C00157","CCCCCCCCCCCCCCCC(=O)OC[C@]([H])(COP([O-])(=O)OCC[N+](C)(C)C)OC(=O)CCCCCCC\C=C/CCCCCC","1"
"HMDB0004949","Cer(d18:1/16:0)","HMDB0004949","5283564","C00195","[H][C@@](CO)(NC(=O)CCCCCCCCCCCCCCC)[C@H](O)\C=C\CCCCCCCCCCCCC","1"
"HMDB0031057","2-Hydroxyhexadecanoic acid","HMDB0031057","12575964",NA,"CCCCCCCCCCCCCC[C@H](O)C(O)=O","1"
"HMDB0014542","Sorafenib","HMDB0014542","216239",NA,"CNC(=O)C1=NC=CC(OC2=CC=C(NC(=O)NC3=CC(=C(Cl)C=C3)C(F)(F)F)C=C2)=C1","1"
"HMDB0242137","NA","NA","NA","NA","NA","0"
"HMDB0000167","L-Threonine","HMDB0000167","6288","C00188","C[C@@H](O)[C@H](N)C(O)=O","1"
"HMDB0242185","NA","NA","NA","NA","NA","0"
"HMDB0029159","gamma-Glutamylthreonine","HMDB0029159","53861142",NA,"C[C@@H](O)[C@H](NC(=O)CC[C@H](N)C(O)=O)C(O)=O","1"
"HMDB0013465","SM(d18:1/20:2)","HMDB0013465","53481783","C00550","CCCCCCCCCCCCC\C=C\[C@@H](O)[C@H](COP([O-])(=O)OCC[N+](C)(C)C)NC(=O)CCCCCCCCC\C=C/C\C=C/CCCCC","1"
"HMDB0029131","Valylleucine","HMDB0029131","6993117",NA,"CC(C)C[C@H](NC(=O)[C@@H](N)C(C)C)C(O)=O","1"
"HMDB0010320","Cortolone-3-glucuronide","HMDB0010320","53480447",NA,"CC12CC(=O)C3C(CCC4CCC(CC34C)O[C@@H]3O[C@@H]([C@@H](O)[C@H](O)[C@H]3O)C(O)=O)C1CCC2(O)C(O)CO","1"
"HMDB0240628","NA","NA","NA","NA","NA","0"
"HMDB0001522","Methylguanidine","HMDB0001522","10111","C02294","CNC(N)=N","1"
"HMDB0240592","Palmitoylcholine","HMDB0240592","151731",NA,"CCCCCCCCCCCCCCCC(=O)OCC[N+](C)(C)C","1"
"HMDB0011538","MG(0:0/18:2(9Z,12Z)/0:0)","HMDB0011538","5365676",NA,"[H]C(CO)(CO)OC(=O)CCCCCCC\C=C/C\C=C/CCCCC","1"
"HMDB0060382","3beta-Hydroxypregn-5-en-20-one sulfate","HMDB0060382","105074","C18044","CC(=O)[C@H]1CC[C@H]2[C@@H]3CC=C4C[C@H](CC[C@]4(C)[C@H]3CC[C@]12C)OS(O)(=O)=O","1"
"HMDB0002212","Arachidic acid","HMDB0002212","10467","C06425","CCCCCCCCCCCCCCCCCCCC(O)=O","1"
"HMDB0250705","NA","NA","NA","NA","NA","0"
"HMDB0004193","Nudifloramide","HMDB0004193","69698","C05842","CN1C=C(C=CC1=O)C(N)=O","1"
"HMDB0240388","NA","NA","NA","NA","NA","0"
"HMDB0000754","3-Hydroxyisovaleric acid","HMDB0000754","69362","C20827","CC(C)(O)CC(O)=O","1"
"HMDB0242160","NA","NA","NA","NA","NA","0"
"HMDB0242163","NA","NA","NA","NA","NA","0"
"HMDB0240583","Arachidonoylcholine","HMDB0240583","122198216",NA,"CCCCC\C=C/C\C=C/C\C=C/C\C=C/CCCC(=O)OCC[N+](C)(C)C","1"
"HMDB0250707","NA","NA","NA","NA","NA","0"
"HMDB0007856","LysoPA(18:2(9Z,12Z)/0:0)","HMDB0007856","20835023","C00416","CCCCC\C=C/C\C=C/CCCCCCCC(=O)OCC(O)COP(O)(O)=O","1"
"HMDB0240610","NA","NA","NA","NA","NA","0"
"HMDB0040196","Oxalic acid dibutyl ester","HMDB0040196","16306",NA,"CCCCOC(=O)C(=O)OCCCC","1"
"HMDB0061684","N-Acetylisoleucine","HMDB0061684","7036275",NA,"CC[C@H](C)[C@H](NC(C)=O)C(O)=O","1"
"HMDB0059766","Picolinoylglycine","HMDB0059766","11788622",NA,"OC(=O)CNC(=O)C1=NC=CC=C1","1"
"HMDB0000731","Cysteine-S-sulfate","HMDB0000731","115015","C05824","N[C@@H](CSS(O)(=O)=O)C(O)=O","1"
"HMDB0001123","2-Aminobenzoic acid","HMDB0001123","227","C00108","NC1=CC=CC=C1C(O)=O","1"
"HMDB0000243","Pyruvic acid","HMDB0000243","1060","C00022","CC(=O)C(O)=O","1"
"HMDB0000187","Serine","HMDB0000187","5951","C00065","N[C@@H](CO)C(O)=O","1"
"HMDB0241949","NA","NA","NA","NA","NA","0"
"HMDB0240596","Oleoylcholine","HMDB0240596","59040790",NA,"CCCCCCCC\C=C/CCCCCCCC(=O)OCC[N+](C)(C)C","1"
"HMDB0240421","NA","NA","NA","NA","NA","0"
"HMDB0000491","3-Methyl-2-oxovaleric acid","HMDB0000491","439286","C00671","CC[C@H](C)C(=O)C(O)=O","1"
"HMDB0000913","Vanillactic acid","HMDB0000913","160637",NA,"COC1=CC(CC(O)C(O)=O)=CC=C1O","1"
"HMDB0013078","Stearoylethanolamide","HMDB0013078","27902",NA,"CCCCCCCCCCCCCCCCCC(=O)NCCO","1"
"HMDB0000267","Pyroglutamic acid","HMDB0000267","7405","C01879","OC(=O)[C@@H]1CCC(=O)N1","1"
"HMDB0000949","Tetrahydrocortisol","HMDB0000949","387316","C05472","C[C@]12C[C@H](O)C3C(CCC4C[C@H](O)CC[C@]34C)C1CC[C@]2(O)C(=O)CO","1"
"HMDB0000413","3-Hydroxydodecanedioic acid","HMDB0000413","16663321",NA,"OC(CCCCCCCCC(O)=O)CC(O)=O","1"
"HMDB0005010","Sertraline","HMDB0005010","68617","C07246","CN[C@H]1CC[C@@H](C2=CC(Cl)=C(Cl)C=C2)C2=CC=CC=C12","1"
"HMDB0242145","NA","NA","NA","NA","NA","0"
"HMDB0000128","Guanidoacetic acid","HMDB0000128","763","C00581","NC(=N)NCC(O)=O","1"
"HMDB0009003","PE(18:0/20:4(5Z,8Z,11Z,14Z))","HMDB0009003","5289133","C00350","[H][C@@](COC(=O)CCCCCCCCCCCCCCCCC)(COP(O)(=O)OCCN)OC(=O)CCC\C=C/C\C=C/C\C=C/C\C=C/CCCCC","1"
"HMDB0240761","NA","NA","NA","NA","NA","0"
"HMDB0000489","Aspartylglycosamine","HMDB0000489","123826","C04540","CC(=O)N[C@@H]1[C@@H](O)[C@H](O)[C@@H](CO)O[C@H]1NC(=O)C[C@H](N)C(O)=O","1"
"HMDB0242159","NA","NA","NA","NA","NA","0"
"HMDB0240647","NA","NA","NA","NA","NA","0"
"HMDB0011753","Iminodiacetic acid","HMDB0011753","8897","C19911","OC(=O)CNCC(O)=O","1"
"HMDB0002203","3-Hydroxycapric acid","HMDB0002203","5312799",NA,"CCCCCCC[C@H](O)CC(O)=O","1"
"HMDB0240783","NA","NA","NA","NA","NA","0"
"HMDB0029432","(S)C(S)S-S-Methylcysteine sulfoxide","HMDB0029432","25202909",NA,"CS(=O)CC(N)C(O)=O","1"
"HMDB0000396","2-Ethylhydracrylic acid","HMDB0000396","188979",NA,"CCC(CO)C(O)=O","1"
"HMDB0000210","Pantothenic acid","HMDB0000210","6613","C00864","CC(C)(CO)[C@@H](O)C(=O)NCCC(O)=O","1"
"HMDB0010726","trans-Dec-2-enoic acid","HMDB0010726","5282724",NA,"CCCCCCC\C=C\C(O)=O","1"
"HMDB0012453","3beta-Hydroxy-5-cholestenoic acid","HMDB0012453","40579073","C17333","[H][C@@]1(CC[C@@]2([H])[C@]3([H])CC=C4C[C@@H](O)CC[C@]4(C)[C@@]3([H])CC[C@]12C)[C@H](C)CCC[C@@H](C)C(O)=O","1"
"HMDB0010731","(R)-3-Hydroxy-tetradecanoic acid","HMDB0010731","5288266",NA,"[H][C@@](O)(CCCCCCCCCCC)CC(O)=O","1"
"HMDB0000214","Ornithine","HMDB0000214","6262","C00077","NCCC[C@H](N)C(O)=O","1"
"HMDB0244434","NA","NA","NA","NA","NA","0"
"HMDB0242130","NA","NA","NA","NA","NA","0"
"HMDB0000271","Sarcosine","HMDB0000271","1088","C00213","CNCC(O)=O","1"
"HMDB0011578","MG(20:4(5Z,8Z,11Z,14Z)/0:0/0:0)","HMDB0011578","16019980",NA,"[H][C@](O)(CO)COC(=O)CCC\C=C/C\C=C/C\C=C/C\C=C/CCCCC","1"
"HMDB0008946","PE(16:0/22:6(4Z,7Z,10Z,13Z,16Z,19Z))","HMDB0008946","9546799","C00350","[H][C@@](COC(=O)CCCCCCCCCCCCCCC)(COP(O)(=O)OCCN)OC(=O)CC\C=C/C\C=C/C\C=C/C\C=C/C\C=C/C\C=C/CC","1"
