"","total","expected","hits","Raw p","Holm p","FDR"
"Core Subgingival (N/A)",91,1.85,10,8.31e-06,0.00377,0.00377
"Age (Increase)",47,0.957,7,3.07e-05,0.0139,0.00676
"Crohn's Disease (increase)",21,0.428,5,4.47e-05,0.0202,0.00676
"Rheumatoid arthritis (China, increased)",27,0.55,5,0.000162,0.0729,0.0158
"Calprotectin (Increase)",15,0.306,4,0.000174,0.0785,0.0158
"Liver Cirrhosis (China, decrease)",52,1.06,6,0.000512,0.23,0.0387
"Cirrhosis (China, increase)",21,0.428,4,0.000699,0.313,0.0453
"Cystic Fibrosis (Increase)",12,0.244,3,0.00153,0.684,0.0829
"Coronary Disease; Male; BMI (increase)",4,0.0815,2,0.00237,1,0.0829
"Enterocolitis; Hirschsprung Disease (decrease)",4,0.0815,2,0.00237,1,0.0829
"Enterocolitis; Hirschsprung Disease (increase)",4,0.0815,2,0.00237,1,0.0829
"Fibromyalgia (decrease)",4,0.0815,2,0.00237,1,0.0829
"Fibromyalgia (Increase)",4,0.0815,2,0.00237,1,0.0829
"ChromograninA (Increase)",76,1.55,6,0.0038,1,0.118
"Granulocytes (Increase)",5,0.102,2,0.0039,1,0.118
"Bristol av. stool type adjusted (Increase)",6,0.122,2,0.00578,1,0.154
"Leucocytes (Increase)",6,0.122,2,0.00578,1,0.154
"Colorectal carcinogenesis (increase)",7,0.143,2,0.00799,1,0.201
"Colorectal cancer (CRC) France (Increase)",22,0.448,3,0.00928,1,0.211
"Rheumatoid arthritis (China) (Increase)",22,0.448,3,0.00928,1,0.211
"Schizophrenia (increase)",8,0.163,2,0.0105,1,0.227
"Colorectal cancer (CRC) Hong Kong and Denmark (Increase)",25,0.509,3,0.0133,1,0.274
"Rheumatoid arthritis (China, increase)",30,0.611,3,0.0218,1,0.431
"Colorectal carcinogenesis (Carcinoma, increase)",13,0.265,2,0.0274,1,0.498
"Keratoconjunctivitis; Infectious (decrease)",13,0.265,2,0.0274,1,0.498
"Eczema (decrease)",37,0.754,3,0.0379,1,0.662
"Bristol av.stool.freq (Increase)",20,0.407,2,0.0611,1,0.987
"Cystic Fibrosis (decrease)",20,0.407,2,0.0611,1,0.987
"Celiac Disease (decrease)",4,0.0815,1,0.0791,1,0.987
"Coronary Artery Disease (Increase)",4,0.0815,1,0.0791,1,0.987
"Coronary Disease; Male (increase)",4,0.0815,1,0.0791,1,0.987
"Heart Failure (decrease)",4,0.0815,1,0.0791,1,0.987
"Hepatitis B virus related decompensated Cirrhosis (decrease)",4,0.0815,1,0.0791,1,0.987
"Liver Transplantation (Increase)",4,0.0815,1,0.0791,1,0.987
"Young; Chronic Disease (decrease )",4,0.0815,1,0.0791,1,0.987
"Inflammatory Bowel Diseases (Increase)",117,2.38,5,0.0862,1,0.987
"Colorectal Neoplasms (Increase)",54,1.1,3,0.0954,1,0.987
"Arthritis, Juvenile (decrease)",5,0.102,1,0.0979,1,0.987
"Atherosclerosis (increase)",5,0.102,1,0.0979,1,0.987
"Autism (decrease)",5,0.102,1,0.0979,1,0.987
"Autism (increase)",5,0.102,1,0.0979,1,0.987
"chromogranin A (decrease)",5,0.102,1,0.0979,1,0.987
"Decompensated hepatitis B virus cirrhosis (decrease)",5,0.102,1,0.0979,1,0.987
"Ual-specificity phosphatases deficiency; Obesity (decrease )",5,0.102,1,0.0979,1,0.987
"Ulcerative Colitis (increased)",5,0.102,1,0.0979,1,0.987
"Clostridium Infections (Increase)",6,0.122,1,0.116,1,1
"Colorectal carcinogenesis (Carcinoma, decrease)",6,0.122,1,0.116,1,1
"Fatigue Syndrome, Chronic (decrease)",6,0.122,1,0.116,1,1
"HDL (Increase)",6,0.122,1,0.116,1,1
"Myocardial Infarction (increase)",6,0.122,1,0.116,1,1
"Eczema (increase)",30,0.611,2,0.123,1,1
"Colitis,Ulcerative (increase)",7,0.143,1,0.134,1,1
"Colorectal cancer (early to late stages) (Increase)",7,0.143,1,0.134,1,1
"Eczema (Increase)",7,0.143,1,0.134,1,1
"Pediatric Crohn's Disease (Decrease)",7,0.143,1,0.134,1,1
"Colorectal Carcinoma (US and Vietnam, increase)",8,0.163,1,0.152,1,1
"Colorectal conventional adenoma (decrease)",8,0.163,1,0.152,1,1
"Resistance to Immune Checkpoint Inhibitors (decrease)",8,0.163,1,0.152,1,1
"Cirrhosis (China, decrease)",35,0.713,2,0.158,1,1
"Diabetes Mellitus, Type 2 (decrease)",9,0.183,1,0.169,1,1
"Dysentery (decrease)",9,0.183,1,0.169,1,1
"Type 2 Diabetes (Chinese, decrease)",9,0.183,1,0.169,1,1
"Colitis, Ulcerative (decrease)",37,0.754,2,0.173,1,1
"Clostridium difficile infection (decrease)",10,0.204,1,0.186,1,1
"HIV-1 Infection (increase)",10,0.204,1,0.186,1,1
"Inflammation (Increase)",10,0.204,1,0.186,1,1
"Pancreatic Neoplasms (Increase)",10,0.204,1,0.186,1,1
"Diabetes Mellitus (decrease)",41,0.835,2,0.203,1,1
"Colitis,Ulcerative (decrease)",11,0.224,1,0.203,1,1
"Colorectal cancer (CRC) Austria (Increase)",43,0.876,2,0.218,1,1
"Clostridium difficile infection (increase)",12,0.244,1,0.219,1,1
"Colorectal Neoplasms (decrease)",45,0.917,2,0.233,1,1
"Metabolic Syndrome (Increase)",45,0.917,2,0.233,1,1
"Bacterial vaginosis (sp_increase)",13,0.265,1,0.235,1,1
"Blastocystis?Infections (increase)",13,0.265,1,0.235,1,1
"Sex (Increase)",13,0.265,1,0.235,1,1
"Crohn's Disease (CD, increase)",14,0.285,1,0.251,1,1
"Diabetes Mellitus, Type 1 (decrease)",14,0.285,1,0.251,1,1
"Cardiovascular Diseases (decrease)",20,0.407,1,0.339,1,1
"Colorectal carcinogenesis (decrease)",21,0.428,1,0.352,1,1
"Diabetes Mellitus (Increase)",62,1.26,2,0.362,1,1
"Constipation (increase)",27,0.55,1,0.428,1,1
"Colitis, Ulcerative (increase)",30,0.611,1,0.463,1,1
"Crohn Disease (Increase)",30,0.611,1,0.463,1,1
"Colorectal Neoplasms (increase)",77,1.57,2,0.47,1,1
"Metabolic Syndrome (decrease)",32,0.652,1,0.485,1,1
"Breast Neoplasms (Increase)",35,0.713,1,0.516,1,1
"Crohn Disease (decrease)",36,0.733,1,0.526,1,1
"Diarrhea (decrease)",37,0.754,1,0.536,1,1
"Inflammatory Bowel Diseases (decrease)",104,2.12,2,0.635,1,1
"Obesity (decrease)",71,1.45,1,0.774,1,1
"Non-Alcoholic Fatty Liver Disease (Increase)",92,1.87,1,0.855,1,1
